{
    "bias": -0.04703021109275951,
    "weights": {
        "premarket_pct_change": -0.2699388519773647,
        "premarket_range_pct": 0.18568495928301018,
        "pm_trend_slope_pct_per_hour": 0.1478988613820172,
        "pm_pullback_depth_pct": 0.14434612870155014,
        "premarket_volume_60m": 0.04695318781999712,
        "relative_volume_20d": -0.12055376130115426,
        "move_930_to_1000_pct": 0.2404315247885593,
        "price_1000_vs_opening_vwap": 3.9072623227658525,
        "price_1000_vs_premarket_vwap": -0.314830566011139,
        "higher_highs_9_30_to_10_00": 0.23471019760588174,
        "higher_lows_9_30_to_10_00": 0.3458974671066173,
        "opening_range_high": 0.07781233411739688,
        "opening_range_low": -0.12030169095111617,
        "return_1000_to_1015_pct": -1.2324217032561302,
        "vol_spike_1000_1015_over_930_1000": 0.005854145055303198,
        "upper_wick_930_1015_pct": 0.806577410331341,
        "lower_wick_930_1015_pct": -0.8065774103313441,
        "rsi14_daily": 0.04330820716326756,
        "sma20": -0.3952085856539269,
        "sma50": 0.2603105348193509,
        "atr14": -0.05701558781238121,
        "spy_ret_930_1000_pct": -0.14113795304858795,
        "spy_ret_1000_1015_pct": -0.314835139404152,
        "qqq_ret_930_1000_pct": -0.3090949517311394,
        "qqq_ret_1000_1015_pct": -0.07428771131657641
    },
    "scaler_mean": {
        "premarket_pct_change": -0.038303375430092726,
        "premarket_range_pct": 1.2096377854575961,
        "pm_trend_slope_pct_per_hour": -2.4373085776265455,
        "pm_pullback_depth_pct": -0.6067018439768747,
        "premarket_volume_60m": 22979.726800296958,
        "relative_volume_20d": 0.0005229145811790438,
        "move_930_to_1000_pct": 0.09270364071535774,
        "price_1000_vs_opening_vwap": 0.01928090274994879,
        "price_1000_vs_premarket_vwap": 0.07615842788569964,
        "higher_highs_9_30_to_10_00": 27.814402375649593,
        "higher_lows_9_30_to_10_00": 29.14625092798812,
        "opening_range_high": 129.41144023756496,
        "opening_range_low": 125.75033036377135,
        "return_1000_to_1015_pct": 0.1106835511994187,
        "vol_spike_1000_1015_over_930_1000": 0.42790205770921075,
        "upper_wick_930_1015_pct": 0.4766644119148571,
        "lower_wick_930_1015_pct": 0.5233355880851429,
        "rsi14_daily": 44.61561512825562,
        "sma20": 187.4309531200879,
        "sma50": 179.7774594295476,
        "atr14": 7.927264178385011,
        "spy_ret_930_1000_pct": 0.002062968683899614,
        "spy_ret_1000_1015_pct": 0.0779358868280066,
        "qqq_ret_930_1000_pct": 0.029162894049032162,
        "qqq_ret_1000_1015_pct": 0.10129124430677121
    },
    "scaler_scale": {
        "premarket_pct_change": 1.0902444889943144,
        "premarket_range_pct": 0.9755822677719719,
        "pm_trend_slope_pct_per_hour": 36.12117320766687,
        "pm_pullback_depth_pct": 0.7801501128735712,
        "premarket_volume_60m": 31030.72828875052,
        "relative_volume_20d": 0.0007315133274208146,
        "move_930_to_1000_pct": 1.9834931129099929,
        "price_1000_vs_opening_vwap": 0.897723268432768,
        "price_1000_vs_premarket_vwap": 1.921776335285847,
        "higher_highs_9_30_to_10_00": 4.766375718111272,
        "higher_lows_9_30_to_10_00": 4.891866237309797,
        "opening_range_high": 106.64601642649687,
        "opening_range_low": 103.55185931492642,
        "return_1000_to_1015_pct": 0.9980908286163146,
        "vol_spike_1000_1015_over_930_1000": 0.20641850506701886,
        "upper_wick_930_1015_pct": 0.3021470968784193,
        "lower_wick_930_1015_pct": 0.3021470968784193,
        "rsi14_daily": 13.20466249386445,
        "sma20": 140.45585440235408,
        "sma50": 137.7787166719998,
        "atr14": 6.430295197465909,
        "spy_ret_930_1000_pct": 0.4771816757533134,
        "spy_ret_1000_1015_pct": 0.5917318404953102,
        "qqq_ret_930_1000_pct": 0.6511084388772782,
        "qqq_ret_1000_1015_pct": 0.6772415989377959
    },
    "features": [
        "premarket_pct_change",
        "premarket_range_pct",
        "pm_trend_slope_pct_per_hour",
        "pm_pullback_depth_pct",
        "premarket_volume_60m",
        "relative_volume_20d",
        "move_930_to_1000_pct",
        "price_1000_vs_opening_vwap",
        "price_1000_vs_premarket_vwap",
        "higher_highs_9_30_to_10_00",
        "higher_lows_9_30_to_10_00",
        "opening_range_high",
        "opening_range_low",
        "return_1000_to_1015_pct",
        "vol_spike_1000_1015_over_930_1000",
        "upper_wick_930_1015_pct",
        "lower_wick_930_1015_pct",
        "rsi14_daily",
        "sma20",
        "sma50",
        "atr14",
        "spy_ret_930_1000_pct",
        "spy_ret_1000_1015_pct",
        "qqq_ret_930_1000_pct",
        "qqq_ret_1000_1015_pct"
    ],
    "timestamp": "2025-11-15T21:54:37.139641Z"
}