trade_index,equity
0,1.023619641725323
1,1.061348761364149
2,1.0832691406730208
3,1.1058903527942332
4,1.1364636426965138
5,1.1705116263001067
6,1.201070314515277
7,1.2234876888336252
